{
    "functionClassNameMap": {
        "runScript\\current": "Espo\\Modules\\RunScriptFunction\\FormulaFunctions\\Current",
        "runScript\\target": "Espo\\Modules\\RunScriptFunction\\FormulaFunctions\\Target"
    },
    "functionList": [
        "__APPEND__",
        {
            "name": "runScript\\current",
            "insertText": "runScript\\current(SCRIPT, OBJECT = null)"
        },
        {
            "name": "runScript\\target",
            "insertText": "runScript\\target(ENTITY_TYPE, ID, SCRIPT, OPTIONS = null)"
        }
    ]
}
